event_id,bin_start,bin_end,bin_mid,reviews,sentiment,rating,negative_share,one_star_share,sentiment_deviation
ces2025,-28,-22,-25.0,33,-0.022893939393939387,2.606060606060606,0.48484848484848486,0.45454545454545453,-0.207917468805704
ces2025,-21,-15,-18.0,39,0.18764358974358972,2.5128205128205128,0.28205128205128205,0.46153846153846156,0.0026200603318251026
ces2025,-14,-8,-11.0,39,0.23406410256410254,2.7948717948717947,0.23076923076923078,0.46153846153846156,0.049040573152337924
ces2025,-7,-1,-4.0,46,0.143445652173913,2.5217391304347827,0.2391304347826087,0.5434782608695652,-0.04157787723785161
ces2025,1,7,4.0,37,0.09165405405405404,2.675675675675676,0.35135135135135137,0.40540540540540543,-0.09336947535771058
ces2025,8,14,11.0,28,0.16627857142857141,2.4642857142857144,0.2857142857142857,0.5357142857142857,-0.0187449579831932
ces2026,-28,-22,-25.0,36,0.22196944444444444,2.6666666666666665,0.25,0.4444444444444444,0.14341277777777778
ces2026,-21,-15,-18.0,38,0.20821842105263152,2.1842105263157894,0.18421052631578946,0.6052631578947368,0.12966175438596486
ces2026,-14,-8,-11.0,26,-0.0601076923076923,2.0,0.5384615384615384,0.6538461538461539,-0.13866435897435897
ces2026,-7,-1,-4.0,34,0.1845941176470588,2.7058823529411766,0.23529411764705882,0.4117647058823529,0.10603745098039213
ces2026,1,7,4.0,23,0.2110260869565217,2.608695652173913,0.30434782608695654,0.43478260869565216,0.13246942028985503
ces2026,8,14,11.0,19,0.08427368421052632,1.9473684210526316,0.42105263157894735,0.631578947368421,0.0057170175438596565
daypasses,-28,-22,-25.0,42,0.13467857142857145,2.0952380952380953,0.23809523809523808,0.5714285714285714,0.039045918367346985
daypasses,-21,-15,-18.0,56,0.09102321428571428,1.6428571428571428,0.24999999999999997,0.75,-0.004609438775510191
daypasses,-14,-8,-11.0,53,0.11754150943396226,2.2641509433962264,0.2830188679245283,0.5094339622641509,0.02190885637273779
daypasses,-7,-1,-4.0,45,0.06982888888888886,2.1333333333333333,0.28888888888888886,0.5333333333333333,-0.02580376417233561
daypasses,1,7,4.0,38,0.02915000000000001,2.0526315789473686,0.4473684210526316,0.5789473684210527,-0.06648265306122446
daypasses,8,14,11.0,33,0.1534424242424242,2.6666666666666665,0.24242424242424243,0.48484848484848486,0.057809771181199746
gamescom2026,-28,-22,-25.0,39,0.1789384615384615,2.8205128205128207,0.28205128205128205,0.41025641025641024,0.02936219035202081
gamescom2026,-21,-15,-18.0,41,0.13489999999999996,2.6341463414634148,0.3170731707317073,0.4878048780487805,-0.014676271186440715
gamescom2026,-14,-8,-11.0,48,0.10397916666666664,2.625,0.3541666666666667,0.5208333333333334,-0.04559710451977404
gamescom2026,-7,-1,-4.0,70,0.1808428571428571,3.1857142857142855,0.2857142857142857,0.37142857142857144,0.03126658595641643
gamescom2026,1,7,4.0,41,0.2832463414634146,2.975609756097561,0.1951219512195122,0.3902439024390244,0.13367007027697392
gamescom2026,8,14,11.0,41,0.13720487804878045,3.2195121951219514,0.3170731707317073,0.36585365853658536,-0.012371393137660225
gfn3080,-28,-22,-25.0,25,0.31504,2.8,0.12,0.52,0.122496
gfn3080,-21,-15,-18.0,32,0.33288124999999996,3.40625,0.09374999999999999,0.3125,0.14033724999999997
gfn3080,-14,-8,-11.0,25,0.15913599999999997,3.52,0.2,0.28,-0.03340800000000002
gfn3080,-7,-1,-4.0,25,0.22595200000000001,3.24,0.2,0.24,0.03340800000000002
gfn3080,1,7,4.0,21,0.30652380952380953,3.380952380952381,0.19047619047619047,0.3333333333333333,0.11397980952380954
gfn3080,8,14,11.0,19,0.3489473684210527,2.8947368421052633,0.15789473684210525,0.3684210526315789,0.15640336842105268
gfn5080,-28,-22,-25.0,14,0.16939285714285712,2.2857142857142856,0.2857142857142857,0.42857142857142855,-0.03155114285714289
gfn5080,-21,-15,-18.0,23,-0.09578695652173912,2.3043478260869565,0.4782608695652174,0.5652173913043478,-0.29673095652173914
gfn5080,-14,-8,-11.0,23,0.20662608695652174,3.4347826086956523,0.21739130434782608,0.2608695652173913,0.005682086956521726
gfn5080,-7,-1,-4.0,27,0.1961037037037037,3.111111111111111,0.37037037037037035,0.37037037037037035,-0.004840296296296315
gfn5080,1,7,4.0,20,0.26685,2.9,0.25,0.4,0.06590599999999996
gfn5080,8,14,11.0,15,0.22391333333333333,2.533333333333333,0.26666666666666666,0.5333333333333333,0.022969333333333314
performance,-28,-22,-25.0,28,0.3351464285714285,3.142857142857143,0.25,0.39285714285714285,0.13574495798319322
performance,-21,-15,-18.0,36,0.19499444444444444,2.4722222222222223,0.3055555555555556,0.5555555555555556,-0.004407026143790849
performance,-14,-8,-11.0,30,0.19047666666666668,2.6666666666666665,0.3,0.5333333333333333,-0.008924803921568608
performance,-7,-1,-4.0,38,0.20644736842105263,2.9473684210526314,0.21052631578947364,0.42105263157894735,0.007045897832817338
performance,1,7,4.0,45,0.11925999999999998,2.4,0.26666666666666666,0.6222222222222222,-0.08014147058823531
performance,8,14,11.0,32,0.210746875,2.46875,0.28125,0.5625,0.011345404411764709
priority,-28,-22,-25.0,38,0.24991052631578944,2.8947368421052633,0.15789473684210525,0.34210526315789475,0.0023542763157894386
priority,-21,-15,-18.0,31,0.08485806451612903,2.806451612903226,0.3548387096774194,0.45161290322580644,-0.162698185483871
priority,-14,-8,-11.0,18,0.24652777777777782,3.388888888888889,0.16666666666666666,0.3333333333333333,-0.0010284722222221876
priority,-7,-1,-4.0,30,0.2481733333333333,3.6666666666666665,0.1,0.23333333333333334,0.0006170833333332959
priority,1,7,4.0,41,0.28541463414634144,3.097560975609756,0.21951219512195122,0.36585365853658536,0.037858384146341434
priority,8,14,11.0,33,0.3786727272727272,3.696969696969697,0.12121212121212122,0.18181818181818182,0.1311164772727272
ultimate,-28,-22,-25.0,81,0.20551481481481482,2.753086419753086,0.19753086419753085,0.3950617283950617,0.10871481481481483
ultimate,-21,-15,-18.0,119,0.15290084033613444,2.9243697478991595,0.226890756302521,0.3865546218487395,0.05610084033613445
ultimate,-14,-8,-11.0,101,0.051602970297029704,2.3069306930693068,0.3564356435643564,0.504950495049505,-0.04519702970297028
ultimate,-7,-1,-4.0,113,0.13719734513274334,2.690265486725664,0.30973451327433627,0.36283185840707965,0.04039734513274336
ultimate,1,7,4.0,85,0.15187058823529406,2.0941176470588236,0.27058823529411763,0.5764705882352941,0.05507058823529408
ultimate,8,14,11.0,63,0.17896349206349202,2.5714285714285716,0.25396825396825395,0.5079365079365079,0.08216349206349204
