window_days_each_side,anchor_shift_days,events_in_fixed_cohort,mean_sentiment_change,mean_abs_sentiment_change,mean_rating_change
7,-1,7,-0.004864785038378874,0.07507185192105718,-0.2070933309395375
7,0,7,-0.002962790382995598,0.04836802545409025,-0.22794592581947665
7,1,7,0.0006561433210932154,0.028920309181764546,-0.1454392977686223
14,-1,7,0.03802407850877625,0.0642473600772959,-0.1280070501487948
14,0,7,0.03475035191846898,0.06676675628156778,-0.15051638692183328
14,1,7,0.04435589953568889,0.07713473150423514,-0.08262351869195683
28,-1,7,0.01850024972016489,0.040536920967903546,0.06244938581400174
28,0,7,0.008299136101144597,0.041082214083655644,0.04758166273306909
28,1,7,0.008886460793535209,0.04692966658738603,0.08407884550520217
